[{
  "_id": {
    "$oid": "6581fac9ef9fbb8734201601"
  },
  "token": "access-token=eyJhbGciOiJIUzI1NiIsInR5cCI6IkpXVCJ9.eyJpZCI6IjY1ODE5NjZmYWI5ZWRhOGRjZDg0MjRmZiIsImlhdCI6MTcwMzAxMzY3MCwiZXhwIjoxNzAzMTAwMDcwfQ.HkqUdJWzoNFC2lTyc0q8N0IugUNCpmtrgOwYRoFDCH0",
  "__v": 0
},
{
  "_id": {
    "$oid": "6581faceef9fbb8734201604"
  },
  "token": "access-token=eyJhbGciOiJIUzI1NiIsInR5cCI6IkpXVCJ9.eyJpZCI6IjY1ODE5NjZmYWI5ZWRhOGRjZDg0MjRmZiIsImlhdCI6MTcwMzAxMzY3MCwiZXhwIjoxNzAzMTAwMDcwfQ.HkqUdJWzoNFC2lTyc0q8N0IugUNCpmtrgOwYRoFDCH0",
  "__v": 0
}]